update,env_step,episode,episode_reward,total_waiting_time,throughput,policy_loss,value_loss,entropy
1,720,1,-1090.8395014479756,172.0,3769,-0.12989449501037598,753.5196533203125,0.6835329532623291
2,1440,2,-1097.4394277334213,79.0,3772,0.2114064246416092,1193.9029541015625,0.6672883629798889
3,2160,3,-1231.3893359601498,154.0,3770,-0.1207282692193985,50.69350814819336,0.6536450982093811
4,2880,4,-1375.8894403725863,291.0,3782,0.032502077519893646,62.21528625488281,0.6548749804496765
5,3600,5,-1225.3495910316706,111.0,3769,-0.09274949133396149,3.295076370239258,0.6396769285202026
6,4320,6,-1221.1695203185081,116.0,3777,0.04329322278499603,1.754060983657837,0.6507336497306824
7,5040,7,-1146.1592348217964,79.0,3775,-0.03136826306581497,0.5227670669555664,0.6019517183303833
8,5760,8,-1202.7395839840174,127.0,3786,0.009616274386644363,0.2599850296974182,0.5781919956207275
9,6480,9,-1171.9095507264137,128.0,3779,0.022771146148443222,0.4845006763935089,0.5437387824058533
10,7200,10,-1134.4894807487726,115.0,3777,0.028846923261880875,0.21777042746543884,0.5366307497024536
11,7920,11,-1160.3594787418842,152.0,3776,0.046786509454250336,0.36869293451309204,0.4957413673400879
12,8640,12,-1117.3695511110127,122.0,3778,-0.01415169145911932,0.27477797865867615,0.4373787045478821
13,9360,13,-1122.1295126900077,139.0,3778,-0.0705808624625206,0.22392737865447998,0.4793907105922699
14,10080,14,-1091.8994384612888,104.0,3778,-0.056644752621650696,0.326884388923645,0.4129965007305145
