env_step,episode,epsilon,episode_reward,total_waiting_time,throughput,loss
720,0,0.982,-1213.6693890839815,269.0,3766,8.978840827941895
1440,1,0.964,-1103.8495820760727,141.0,3763,5.732208728790283
2160,2,0.946,-1251.9493843577802,284.0,3766,5.418213367462158
2880,3,0.9279999999999999,-1061.5794678330421,99.0,3773,3.2624423503875732
3600,4,0.91,-1087.8094552904367,115.0,3766,2.5402469635009766
4320,5,0.892,-1266.4693564772606,293.0,3774,2.970881938934326
5040,6,0.874,-1180.7193837314844,211.0,3771,2.313714027404785
5760,7,0.856,-1333.749339580536,343.0,3769,2.1613965034484863
6480,8,0.838,-1196.169584773481,205.0,3765,2.5630834102630615
7200,9,0.82,-1328.6892510652542,362.0,3770,2.137157917022705
7920,10,0.802,-1145.3793242052197,187.0,3774,1.6210038661956787
8640,11,0.784,-1201.599238999188,238.0,3767,1.8546358346939087
9360,12,0.766,-1081.3691343143582,131.0,3771,2.2122936248779297
10080,13,0.748,-1136.6092828661203,186.0,3775,1.8198524713516235
10800,14,0.73,-1170.6092172786593,244.0,3777,1.931368350982666
11520,15,0.712,-1073.969206944108,150.0,3771,1.8358186483383179
12240,16,0.694,-1068.979184743017,143.0,3766,1.6857659816741943
12960,17,0.6759999999999999,-1087.729195535183,179.0,3776,1.6578130722045898
13680,18,0.6579999999999999,-1046.7390691712499,139.0,3768,1.1725085973739624
14400,19,0.6399999999999999,-1102.6789584234357,186.0,3770,0.5420534610748291
15120,20,0.622,-1198.159012928605,284.0,3760,0.46160078048706055
15840,21,0.604,-1192.4290169589221,275.0,3778,0.6831962466239929
16560,22,0.586,-1053.2589702811092,143.0,3769,1.2034368515014648
17280,23,0.5680000000000001,-1144.3288712874055,244.0,3771,0.6176726818084717
18000,24,0.55,-1080.198929913342,170.0,3778,0.7404675483703613
18720,25,0.532,-1086.0589909553528,165.0,3774,0.3456435799598694
19440,26,0.514,-1049.2391573376954,101.0,3769,0.34375953674316406
20160,27,0.4959999999999999,-1124.7491470873356,164.0,3772,0.3562557101249695
20880,28,0.478,-1067.0191773921251,124.0,3779,0.7733145952224731
21600,29,0.45999999999999996,-1030.1290058325976,107.0,3770,0.29227930307388306
22320,30,0.44199999999999995,-1008.5491476207972,79.0,3776,0.39699220657348633
23040,31,0.42399999999999993,-1033.6890969462693,115.0,3771,0.1417524367570877
23760,32,0.4059999999999999,-1065.00925299339,133.0,3777,0.1097954735159874
24480,33,0.3879999999999999,-1021.2291577961296,96.0,3777,0.1513385772705078
25200,34,0.37,-1058.7390555292368,136.0,3769,0.13926425576210022
25920,35,0.352,-1018.6890609487891,100.0,3774,0.1562027782201767
26640,36,0.33399999999999996,-1060.3590543791652,133.0,3773,0.23071996867656708
27360,37,0.31599999999999995,-1017.0294721052051,45.0,3772,0.09454065561294556
28080,38,0.29799999999999993,-1106.0393127482384,132.0,3778,0.05842672288417816
28800,39,0.2799999999999999,-1070.9194812774658,79.0,3778,0.08480793982744217
29520,40,0.262,-1162.2695028111339,166.0,3782,0.03753059729933739
30240,41,0.244,-1169.7995871827006,172.0,3776,0.3536094129085541
30960,42,0.22599999999999998,-1112.8593266289681,139.0,3773,0.23929868638515472
31680,43,0.20799999999999996,-1130.1895505990833,144.0,3773,0.03836694359779358
32400,44,0.18999999999999995,-1124.0194975640625,130.0,3776,0.0806385949254036
33120,45,0.17199999999999993,-1021.0894659962505,70.0,3780,0.019433435052633286
33840,46,0.15400000000000003,-1017.2393096908927,102.0,3781,0.017860883846879005
34560,47,0.136,-1061.8391110785306,176.0,3773,0.05425793677568436
35280,48,0.118,-1041.7091850880533,128.0,3778,0.03398121893405914
36000,49,0.1,-1065.6791690830141,143.0,3779,0.11164221912622452
36720,50,0.1,-1008.8591782338917,113.0,3776,0.2152816504240036
37440,51,0.1,-1194.749138860032,312.0,3777,0.32408037781715393
38160,52,0.1,-990.5192052964121,112.0,3778,0.06500045210123062
38880,53,0.1,-997.2192049901932,101.0,3779,0.06292536854743958
39600,54,0.1,-1048.6091975551099,176.0,3773,0.028488172218203545
40320,55,0.1,-960.3292183838785,96.0,3776,0.34402331709861755
41040,56,0.1,-1090.2895907461643,105.0,3774,0.1498633474111557
41760,57,0.1,-1139.1995312254876,172.0,3776,0.05113453045487404
42480,58,0.1,-1074.70970880799,86.0,3773,0.2316187173128128
43200,59,0.1,-1070.9497537575662,49.0,3776,0.023724274709820747
43920,60,0.1,-1121.0497342254966,124.0,3783,0.03822523355484009
44640,61,0.1,-1186.0594886187464,202.0,3772,0.1353926807641983
45360,62,0.1,-1034.0893169008195,140.0,3775,0.021646566689014435
46080,63,0.1,-1003.5291807763278,132.0,3777,0.03909152001142502
46800,64,0.1,-1023.649446869269,80.0,3776,0.02882133238017559
47520,65,0.1,-1062.5396173000336,87.0,3779,0.032879531383514404
48240,66,0.1,-1040.7895746529102,81.0,3774,0.027011437341570854
48960,67,0.1,-1026.8093902152032,102.0,3775,0.028382927179336548
49680,68,0.1,-1020.2094558458775,72.0,3779,0.02367757074534893
50400,69,0.1,-1070.379444476217,154.0,3773,0.031610745936632156
51120,70,0.1,-968.1988587006927,169.0,3772,0.019562978297472
51840,71,0.1,-921.0086571574211,157.0,3780,0.7189167141914368
52560,72,0.1,-931.2590080779046,108.0,3767,0.04568725824356079
53280,73,0.1,-1006.3592286985368,121.0,3774,0.025912195444107056
54000,74,0.1,-988.2992151379585,94.0,3776,0.014873038977384567
54720,75,0.1,-1020.4393245559186,95.0,3776,0.0397099032998085
55440,76,0.1,-1068.2993977628648,138.0,3778,0.03530086576938629
56160,77,0.1,-1104.9694082066417,172.0,3772,0.03943689167499542
56880,78,0.1,-1039.179512584582,67.0,3773,0.020776603370904922
57600,79,0.1,-1095.5994989536703,129.0,3775,0.015278458595275879
58320,80,0.1,-1115.9796000625938,151.0,3777,0.03113328106701374
59040,81,0.1,-971.6089654769748,147.0,3777,0.022368324920535088
59760,82,0.1,-928.7089581433684,120.0,3775,0.04882557690143585
60480,83,0.1,-1011.1289517488331,166.0,3769,0.01808759570121765
61200,84,0.1,-1058.7592119164765,135.0,3778,0.03682590648531914
61920,85,0.1,-1085.409182984382,178.0,3773,0.016880668699741364
62640,86,0.1,-1042.4691818021238,108.0,3780,0.037127599120140076
63360,87,0.1,-1024.3194689750671,75.0,3781,0.021286871284246445
64080,88,0.1,-1018.2695502918214,97.0,3779,0.054140761494636536
64800,89,0.1,-1029.2893621567637,119.0,3781,0.04972970113158226
65520,90,0.1,-1042.6592373549938,142.0,3775,0.04527541995048523
66240,91,0.1,-994.3592993617058,94.0,3773,0.04097432270646095
66960,92,0.1,-923.0588334426284,83.0,3776,0.06744236499071121
67680,93,0.1,-902.2488581836224,81.0,3783,0.015811502933502197
68400,94,0.1,-996.1889209430665,133.0,3773,0.02399742603302002
69120,95,0.1,-1118.0494721587747,130.0,3782,0.049051638692617416
69840,96,0.1,-1105.6395327448845,113.0,3781,0.01848800852894783
70560,97,0.1,-1044.8997296653688,54.0,3776,0.07290986180305481
71280,98,0.1,-1047.3696020543575,55.0,3781,0.05455676466226578
72000,99,0.1,-1116.9796210769564,134.0,3783,0.03770826384425163
72720,100,0.1,-1095.9694746993482,154.0,3769,0.09353484958410263
73440,101,0.1,-1037.0692006908357,144.0,3773,0.0382748581469059
74160,102,0.1,-976.1292093638331,95.0,3776,0.04626348614692688
74880,103,0.1,-1014.8093349300325,96.0,3773,0.07143770158290863
75600,104,0.1,-1044.9192191008478,122.0,3775,0.0756058469414711
76320,105,0.1,-1038.2792457938194,106.0,3781,0.017455004155635834
77040,106,0.1,-1083.4094167537987,164.0,3773,0.050392087548971176
77760,107,0.1,-986.769391445443,64.0,3773,0.0259349774569273
78480,108,0.1,-1032.8794114887714,103.0,3785,0.03193027153611183
79200,109,0.1,-1061.409590691328,79.0,3785,0.05115489289164543
79920,110,0.1,-1081.2195307519287,101.0,3781,0.02779906615614891
80640,111,0.1,-1044.6396456882358,58.0,3780,0.038365840911865234
81360,112,0.1,-1075.4196401201189,79.0,3777,0.04303927719593048
82080,113,0.1,-1107.599622424692,114.0,3775,0.035105716437101364
82800,114,0.1,-1107.6194769442081,134.0,3772,0.028156345710158348
83520,115,0.1,-1033.519223568961,95.0,3779,0.040878962725400925
84240,116,0.1,-1048.2093392219394,103.0,3783,0.055415913462638855
84960,117,0.1,-939.2689990065992,102.0,3769,0.08077268302440643
85680,118,0.1,-894.7787603382021,87.0,3774,0.024776523932814598
86400,119,0.1,-912.0088528394699,91.0,3785,0.06359124183654785
87120,120,0.1,-1032.319517403841,119.0,3775,0.028484907001256943
87840,121,0.1,-1083.38954311423,144.0,3782,0.027834229171276093
88560,122,0.1,-1010.1095269024372,58.0,3780,0.05282957851886749
89280,123,0.1,-1116.6496987640858,116.0,3781,0.0872427225112915
90000,124,0.1,-1114.4496378228068,97.0,3777,0.06576418876647949
90720,125,0.1,-1141.2695557773113,118.0,3776,0.04622042179107666
91440,126,0.1,-1076.1193779669702,89.0,3779,0.04687123745679855
92160,127,0.1,-1087.9993317052722,125.0,3776,0.051733411848545074
92880,128,0.1,-1040.5088948011398,170.0,3778,0.16748182475566864
93600,129,0.1,-967.80894260481,109.0,3767,0.07326705008745193
94320,130,0.1,-1048.848867110908,191.0,3775,0.02799343690276146
95040,131,0.1,-1140.4192552268505,189.0,3779,0.03030940145254135
95760,132,0.1,-1107.3393487296999,136.0,3779,0.06037618964910507
96480,133,0.1,-1073.4493386428803,89.0,3774,0.06623698025941849
97200,134,0.1,-1114.0991361122578,203.0,3777,0.046184420585632324
97920,135,0.1,-1056.6992338895798,157.0,3780,0.06721815466880798
98640,136,0.1,-1048.2791196685284,164.0,3775,0.11768751591444016
99360,137,0.1,-1093.5991225801408,199.0,3772,0.102390818297863
100080,138,0.1,-1046.1391004603356,157.0,3775,0.1359555423259735
100800,139,0.1,-1058.8191227894276,156.0,3773,0.06076535955071449
101520,140,0.1,-1035.379314482212,119.0,3777,0.10237324237823486
102240,141,0.1,-1021.9090542476624,149.0,3782,0.06460414826869965
102960,142,0.1,-1044.6094562672079,115.0,3784,0.046487390995025635
103680,143,0.1,-986.0793515387923,55.0,3781,0.057299207895994186
104400,144,0.1,-1080.5095254182816,135.0,3779,0.07415182888507843
105120,145,0.1,-1087.2595750391483,96.0,3785,0.10103216022253036
105840,146,0.1,-1080.2597166597843,74.0,3783,0.112602598965168
106560,147,0.1,-1128.2496643029153,112.0,3772,0.10929547995328903
107280,148,0.1,-1137.7798134367913,90.0,3775,0.04551021382212639
108000,149,0.1,-1107.8296220004559,65.0,3783,0.05733702704310417
108720,150,0.1,-1106.8595398347825,121.0,3779,0.06727544963359833
109440,151,0.1,-1187.94937392883,202.0,3774,0.08748944103717804
110160,152,0.1,-1165.6594999954104,166.0,3776,0.12477706372737885
110880,153,0.1,-1227.9696314632893,157.0,3783,0.11896920949220657
111600,154,0.1,-1198.1997879054397,114.0,3779,0.08457885682582855
112320,155,0.1,-1220.0497969686985,121.0,3775,0.09833481907844543
113040,156,0.1,-1053.2794631998986,109.0,3786,0.09535318613052368
113760,157,0.1,-1114.8691050391644,241.0,3772,0.07429645955562592
114480,158,0.1,-1007.3289866689593,173.0,3777,0.10955497622489929
115200,159,0.1,-1012.4488639812917,151.0,3769,0.03967893496155739
115920,160,0.1,-1086.3490745425224,221.0,3767,0.05171719565987587
116640,161,0.1,-1124.8488350510597,288.0,3774,0.06787222623825073
117360,162,0.1,-999.6386569719762,190.0,3761,0.052261240780353546
118080,163,0.1,-956.7986989915371,148.0,3773,0.10043632239103317
118800,164,0.1,-1041.069056659937,184.0,3777,0.06522537767887115
119520,165,0.1,-981.2791302502155,88.0,3780,0.04021374508738518
120240,166,0.1,-1027.7391394637525,156.0,3769,0.030941516160964966
120960,167,0.1,-1008.8392327129841,132.0,3777,0.07620975375175476
121680,168,0.1,-1003.8391981124878,112.0,3779,0.05790267139673233
122400,169,0.1,-993.699283208698,109.0,3775,0.05428445711731911
123120,170,0.1,-1082.0396376419812,123.0,3777,0.031578876078128815
123840,171,0.1,-1172.149491906166,182.0,3771,0.049137406051158905
124560,172,0.1,-1176.1996147911996,164.0,3774,0.02810792066156864
125280,173,0.1,-1127.1797600388527,113.0,3783,0.03460763022303581
126000,174,0.1,-1098.8295542243868,80.0,3785,0.050704218447208405
126720,175,0.1,-1128.8597716968507,119.0,3776,0.01769237220287323
127440,176,0.1,-1113.4296640064567,115.0,3770,0.04088471829891205
128160,177,0.1,-1096.5997098963708,94.0,3782,0.025078237056732178
128880,178,0.1,-966.4692319892347,80.0,3779,0.015175744891166687
129600,179,0.1,-981.7890120707452,109.0,3770,0.038428910076618195
130320,180,0.1,-979.6688271146268,125.0,3770,0.021439531818032265
131040,181,0.1,-1075.6691672448069,185.0,3769,0.028284942731261253
131760,182,0.1,-994.1292356550694,104.0,3778,0.020536500960588455
132480,183,0.1,-992.9392726384103,93.0,3777,0.034520670771598816
133200,184,0.1,-1143.1297270320356,103.0,3787,0.3415434956550598
133920,185,0.1,-1118.349644927308,106.0,3774,0.027203857898712158
134640,186,0.1,-1146.7697036471218,155.0,3779,0.02064088173210621
135360,187,0.1,-1056.4594566505402,121.0,3774,0.0327332578599453
136080,188,0.1,-1031.3995233178139,84.0,3779,0.02741880528628826
136800,189,0.1,-1047.5593658071011,116.0,3780,0.015200072899460793
137520,190,0.1,-1076.889629241079,115.0,3781,0.01694207265973091
138240,191,0.1,-1078.8395790420473,118.0,3767,0.02127237431704998
138960,192,0.1,-930.5591214541346,116.0,3776,0.014654353260993958
139680,193,0.1,-1007.7289739530534,216.0,3777,0.018871523439884186
140400,194,0.1,-950.8289115410298,127.0,3779,0.03139757737517357
141120,195,0.1,-1145.3196410797536,127.0,3772,0.06839205324649811
141840,196,0.1,-1139.1196180544794,134.0,3781,0.019245803356170654
142560,197,0.1,-1100.9896362107247,86.0,3782,0.0222947858273983
143280,198,0.1,-1123.289705870673,96.0,3780,0.02133242040872574
144000,199,0.1,-1079.559705965221,82.0,3780,0.012604821473360062
144720,200,0.1,-1158.289392678067,209.0,3776,0.01733429729938507
145440,201,0.1,-1039.3194036446512,129.0,3773,0.021161338314414024
146160,202,0.1,-994.1594716217369,59.0,3775,0.015656888484954834
146880,203,0.1,-1207.279630927369,209.0,3774,0.02106410078704357
147600,204,0.1,-1153.599632943049,109.0,3779,0.051791246980428696
148320,205,0.1,-1131.1996774356812,113.0,3781,0.157750204205513
149040,206,0.1,-1054.119257092476,181.0,3771,0.016878053545951843
149760,207,0.1,-986.9292110428214,122.0,3777,0.015200220048427582
150480,208,0.1,-988.9892476778477,115.0,3777,0.01350631657987833
151200,209,0.1,-1105.059340890497,229.0,3773,0.018095893785357475
151920,210,0.1,-1075.0494343880564,177.0,3772,0.016596725210547447
152640,211,0.1,-1048.239453792572,124.0,3778,0.013740211725234985
153360,212,0.1,-1075.5494728051126,137.0,3768,0.013713324442505836
154080,213,0.1,-1074.729358581826,148.0,3774,0.011802338063716888
154800,214,0.1,-1102.5095378756523,139.0,3778,0.013343941420316696
155520,215,0.1,-1125.9696675483137,127.0,3775,0.012025050818920135
156240,216,0.1,-1057.5197324156761,65.0,3783,0.013188883662223816
156960,217,0.1,-1127.0397592447698,117.0,3773,0.10168595612049103
157680,218,0.1,-1098.7997330725193,83.0,3777,0.014722811989486217
158400,219,0.1,-1135.7397924941033,114.0,3777,0.02680145762860775
159120,220,0.1,-1095.109689641744,77.0,3781,0.018139587715268135
159840,221,0.1,-1059.2397291958332,48.0,3779,0.023986902087926865
160560,222,0.1,-1144.1696584485471,144.0,3779,0.018376408144831657
161280,223,0.1,-1065.5596125125885,86.0,3775,0.014478721655905247
162000,224,0.1,-1158.3497019074857,146.0,3779,0.018201857805252075
162720,225,0.1,-1071.3494721315801,107.0,3776,0.011367813684046268
163440,226,0.1,-1006.4293642230332,86.0,3775,0.01332060620188713
164160,227,0.1,-1066.1095314901322,147.0,3780,0.033195167779922485
164880,228,0.1,-1050.8397998176515,39.0,3783,0.024783357977867126
165600,229,0.1,-1120.849695082754,128.0,3775,0.027040621265769005
166320,230,0.1,-1070.239690542221,56.0,3771,0.043621912598609924
167040,231,0.1,-1127.939793035388,87.0,3787,0.021089402958750725
167760,232,0.1,-1155.9896731972694,105.0,3778,0.037677451968193054
168480,233,0.1,-1070.8995539788157,59.0,3771,0.025850828737020493
169200,234,0.1,-992.7790286801755,149.0,3775,0.025436675176024437
169920,235,0.1,-930.4289399981499,127.0,3772,0.03157214820384979
170640,236,0.1,-1037.4391636252403,160.0,3778,0.011133003979921341
171360,237,0.1,-1065.9395672678947,94.0,3776,0.027699479833245277
172080,238,0.1,-1067.279558122158,87.0,3780,0.24339856207370758
172800,239,0.1,-1105.6596257686615,94.0,3784,0.034846268594264984
173520,240,0.1,-1088.209725882858,59.0,3782,0.029458457604050636
174240,241,0.1,-1088.1598188839853,60.0,3779,0.01720527932047844
174960,242,0.1,-1004.6293482426554,110.0,3778,0.016862710937857628
175680,243,0.1,-1001.3790793884546,154.0,3773,0.012940351851284504
176400,244,0.1,-986.2692936938256,104.0,3785,0.028225239366292953
177120,245,0.1,-1112.3297164123505,98.0,3785,0.06959307193756104
177840,246,0.1,-1104.149571744725,108.0,3779,0.015819208696484566
178560,247,0.1,-1136.5196965578943,123.0,3774,0.011792881414294243
179280,248,0.1,-1105.979818848893,81.0,3772,0.01630661077797413
180000,249,0.1,-1144.5696049574763,136.0,3779,0.02764883264899254
180720,250,0.1,-1032.659169221297,168.0,3774,0.009461209177970886
181440,251,0.1,-1029.0587207954377,297.0,3772,0.011040128767490387
182160,252,0.1,-958.8086956311017,208.0,3778,0.010855923406779766
182880,253,0.1,-955.5189522504807,149.0,3767,0.006100223399698734
183600,254,0.1,-982.7491219621152,145.0,3773,0.00883969385176897
184320,255,0.1,-950.6390778385103,123.0,3777,0.007254881784319878
185040,256,0.1,-1127.7296409290284,138.0,3772,0.014274436980485916
185760,257,0.1,-1063.7296940330416,92.0,3783,0.010260477662086487
186480,258,0.1,-1110.7995923124254,125.0,3774,0.01583038456737995
187200,259,0.1,-1042.2293578907847,114.0,3776,0.008532732725143433
187920,260,0.1,-1036.539490217343,91.0,3778,0.01241918746381998
188640,261,0.1,-1032.7494907621294,93.0,3784,0.014219256117939949
189360,262,0.1,-1090.2095743697137,139.0,3771,0.016694361343979836
190080,263,0.1,-1075.0094404499978,131.0,3785,0.009911534376442432
190800,264,0.1,-1019.2794631998986,75.0,3777,0.014451389200985432
191520,265,0.1,-978.7593117337674,58.0,3777,0.00876455008983612
192240,266,0.1,-1025.2892909627408,112.0,3775,0.023587876930832863
192960,267,0.1,-1018.9793021958321,120.0,3776,0.07659079879522324
193680,268,0.1,-1056.4092190228403,194.0,3776,0.01252838410437107
194400,269,0.1,-988.5193617008626,92.0,3779,0.01472939271479845
195120,270,0.1,-1140.3297401610762,111.0,3780,0.0351993627846241
195840,271,0.1,-1090.2197727207094,74.0,3788,0.12052184343338013
196560,272,0.1,-1061.619560888037,79.0,3779,0.030239401385188103
197280,273,0.1,-1002.9991108477116,121.0,3779,0.020656898617744446
198000,274,0.1,-958.3392189349979,62.0,3770,0.02435619756579399
198720,275,0.1,-1031.089183088392,140.0,3781,0.012090083211660385
199440,276,0.1,-1010.1893907468766,123.0,3769,0.011656340211629868
200160,277,0.1,-961.699405638501,86.0,3775,0.01081074308604002
200880,278,0.1,-1056.8994611185044,120.0,3781,0.011403525248169899
201600,279,0.1,-1089.959448395297,126.0,3777,0.018696241080760956
202320,280,0.1,-1014.4594592954963,49.0,3779,0.018969250842928886
203040,281,0.1,-1009.8991185091436,154.0,3772,0.020565655082464218
203760,282,0.1,-946.1090733949095,102.0,3774,0.0144759276881814
204480,283,0.1,-928.0792494323105,60.0,3778,0.011877157725393772
205200,284,0.1,-1151.9196461942047,175.0,3783,0.015590853057801723
205920,285,0.1,-1088.6195725705475,118.0,3776,0.009208865463733673
206640,286,0.1,-1085.7296276334673,93.0,3780,0.017834220081567764
207360,287,0.1,-1038.0795855801553,65.0,3787,0.012308197095990181
208080,288,0.1,-1076.6695984881371,78.0,3783,0.020336555317044258
208800,289,0.1,-1114.909739844501,83.0,3785,0.027493488043546677
209520,290,0.1,-1077.049643367529,53.0,3774,0.025858908891677856
210240,291,0.1,-1089.299585815519,78.0,3775,0.04254193231463432
210960,292,0.1,-949.7587328515947,131.0,3778,0.009925155900418758
211680,293,0.1,-925.9486826043576,180.0,3770,0.013728400692343712
212400,294,0.1,-899.2288139741868,115.0,3774,0.02396288886666298
213120,295,0.1,-1143.3395471200347,205.0,3773,0.012288397178053856
213840,296,0.1,-1015.509422948584,100.0,3775,0.01303100772202015
214560,297,0.1,-1033.6694404762238,95.0,3774,0.025224994868040085
215280,298,0.1,-1120.2596499845386,111.0,3776,0.0266239196062088
216000,299,0.1,-1191.0796752534807,173.0,3778,0.022498201578855515
216720,300,0.1,-1176.1695956215262,176.0,3776,0.028830641880631447
217440,301,0.1,-1059.0496256034821,68.0,3779,0.02236487716436386
218160,302,0.1,-1082.9796711206436,94.0,3769,0.03083965554833412
218880,303,0.1,-890.2289060018957,79.0,3780,0.011947319842875004
219600,304,0.1,-910.5987959150225,163.0,3769,0.028970850631594658
220320,305,0.1,-866.5388975068927,89.0,3769,0.027910662814974785
221040,306,0.1,-1022.0594593845308,89.0,3782,0.013583236373960972
221760,307,0.1,-1090.079690778628,114.0,3780,0.02172788418829441
222480,308,0.1,-1070.859502254054,88.0,3773,0.019714707508683205
223200,309,0.1,-1067.419237550348,137.0,3766,0.04098828136920929
223920,310,0.1,-1059.639284428209,118.0,3782,0.019585901871323586
224640,311,0.1,-982.0093995556235,95.0,3783,0.008708927780389786
225360,312,0.1,-1041.269063828513,183.0,3774,0.012431571260094643
226080,313,0.1,-1012.8691101633012,157.0,3775,0.015081686899065971
226800,314,0.1,-961.6893226783723,64.0,3777,0.014103020541369915
227520,315,0.1,-1017.1894958857447,97.0,3782,0.01853795535862446
228240,316,0.1,-1058.0494634192437,130.0,3768,0.011030033230781555
228960,317,0.1,-1098.8796749077737,85.0,3789,0.013719448819756508
229680,318,0.1,-1139.11966069974,125.0,3780,0.016459327191114426
230400,319,0.1,-1101.299638748169,93.0,3780,0.014974983409047127
231120,320,0.1,-1189.069392055273,275.0,3775,0.017436347901821136
231840,321,0.1,-1125.5794939678162,196.0,3781,0.01885741949081421
232560,322,0.1,-1008.3596265278757,60.0,3773,0.023056309670209885
233280,323,0.1,-1137.6496894061565,125.0,3771,0.01496315561234951
234000,324,0.1,-1136.5596648734063,139.0,3782,0.023792538791894913
234720,325,0.1,-1129.069593096152,137.0,3777,0.008465255610644817
235440,326,0.1,-1088.4897301383317,102.0,3780,0.012907151132822037
236160,327,0.1,-1067.819717284292,93.0,3774,0.013872433453798294
236880,328,0.1,-995.4694816432893,70.0,3783,0.020228451117873192
237600,329,0.1,-965.3592332843691,65.0,3778,0.0173407681286335
238320,330,0.1,-1017.7092411164194,122.0,3781,0.013187646865844727
239040,331,0.1,-1027.0896322969347,82.0,3769,0.015921274200081825
239760,332,0.1,-1077.529599217698,143.0,3781,0.010513009503483772
240480,333,0.1,-1121.0795736275613,169.0,3784,0.022089151665568352
241200,334,0.1,-1064.499705016613,73.0,3780,0.015062754973769188
241920,335,0.1,-1042.85967364721,69.0,3778,0.011791650205850601
242640,336,0.1,-1064.849545745179,129.0,3775,0.022194404155015945
243360,337,0.1,-972.4694067835808,62.0,3781,0.024939071387052536
244080,338,0.1,-982.1292459964752,101.0,3779,0.02043037675321102
244800,339,0.1,-1082.2393219769,167.0,3779,0.015660705044865608
245520,340,0.1,-1059.2092744410038,153.0,3779,0.017058661207556725
246240,341,0.1,-998.8590708021075,118.0,3775,0.03398962318897247
246960,342,0.1,-1107.6995652280748,136.0,3782,0.015018997713923454
247680,343,0.1,-1138.1895425580442,161.0,3783,0.018566392362117767
248400,344,0.1,-1117.8195613902062,131.0,3780,0.018131081014871597
249120,345,0.1,-1092.9596680663526,81.0,3776,0.015879066661000252
249840,346,0.1,-1127.959635335952,125.0,3781,0.020959623157978058
250560,347,0.1,-1093.8396624028683,124.0,3777,0.006837945431470871
251280,348,0.1,-1038.8391198515892,186.0,3773,0.006271210499107838
252000,349,0.1,-960.7692384365946,107.0,3783,0.009209880605340004
252720,350,0.1,-1024.8395026288927,91.0,3776,0.007059071678668261
253440,351,0.1,-1083.2396672014147,108.0,3782,0.008869337849318981
254160,352,0.1,-1060.8095881305635,79.0,3777,0.009832940995693207
254880,353,0.1,-1100.9495186768472,145.0,3777,0.018481791019439697
255600,354,0.1,-1051.2593019604683,96.0,3779,0.01900376006960869
256320,355,0.1,-1052.6793631874025,118.0,3780,0.013805774040520191
257040,356,0.1,-1029.349259763956,113.0,3778,0.014440246857702732
257760,357,0.1,-1058.8693862445652,131.0,3775,0.010350218042731285
258480,358,0.1,-1020.3194549363106,89.0,3782,0.011357078328728676
259200,359,0.1,-977.3994315247983,33.0,3777,0.008363534696400166
259920,360,0.1,-1046.029385028407,107.0,3776,0.01681719347834587
260640,361,0.1,-1060.5994462668896,106.0,3774,0.011325595900416374
261360,362,0.1,-1109.829445540905,127.0,3777,0.018877334892749786
262080,363,0.1,-1109.2795044425875,126.0,3778,0.013785126619040966
262800,364,0.1,-1111.2894983273,186.0,3774,0.013605154119431973
263520,365,0.1,-1032.0195305906236,98.0,3778,0.012617113068699837
264240,366,0.1,-1036.3694012444466,131.0,3777,0.009820371866226196
264960,367,0.1,-1028.709734018892,37.0,3781,0.018447771668434143
265680,368,0.1,-1103.219726441428,81.0,3775,0.012607188895344734
266400,369,0.1,-1092.9195560514927,125.0,3780,0.02850610576570034
267120,370,0.1,-1065.6195159498602,122.0,3772,0.011042331345379353
267840,371,0.1,-1093.4894952736795,149.0,3778,0.010284382849931717
268560,372,0.1,-1040.9494561534375,115.0,3778,0.00995615217834711
269280,373,0.1,-1038.9794187806547,140.0,3776,0.012342412956058979
270000,374,0.1,-1049.7593722641468,165.0,3772,0.0092359259724617
270720,375,0.1,-1051.3691621106118,170.0,3777,0.008403578773140907
271440,376,0.1,-1007.4290454033762,162.0,3781,0.008878187276422977
272160,377,0.1,-993.8988700471818,144.0,3777,0.016170643270015717
272880,378,0.1,-1009.63924648799,95.0,3777,0.010907843708992004
273600,379,0.1,-1027.3893428109586,70.0,3781,0.012689100578427315
274320,380,0.1,-1027.8894068878144,102.0,3775,0.021854296326637268
275040,381,0.1,-1034.2195771038532,57.0,3776,0.011848482303321362
275760,382,0.1,-1157.9797266982496,166.0,3776,0.01799839362502098
276480,383,0.1,-1132.4895838145167,146.0,3780,0.012646525166928768
277200,384,0.1,-1122.119679654017,129.0,3776,0.03171510249376297
277920,385,0.1,-1091.9096119366586,108.0,3776,0.01670173741877079
278640,386,0.1,-1098.0794245880097,149.0,3776,0.013658477924764156
279360,387,0.1,-959.5389268379658,92.0,3778,0.013576151803135872
280080,388,0.1,-980.4687739294022,121.0,3771,0.011457942426204681
280800,389,0.1,-955.5789485853165,110.0,3781,0.007510131224989891
281520,390,0.1,-989.5388805232942,143.0,3776,0.009916217066347599
282240,391,0.1,-1004.308929618448,156.0,3774,0.011015314608812332
282960,392,0.1,-1073.1794217508286,119.0,3783,0.023130323737859726
283680,393,0.1,-1059.109665086493,68.0,3778,0.013900590129196644
284400,394,0.1,-1069.9396476056427,110.0,3780,0.016119403764605522
285120,395,0.1,-1080.8994920514524,117.0,3785,0.016044102609157562
285840,396,0.1,-1065.6395734511316,82.0,3782,0.018867529928684235
286560,397,0.1,-1092.5894368588924,167.0,3776,0.015468942001461983
287280,398,0.1,-990.4991023205221,155.0,3778,0.012025144882500172
288000,399,0.1,-944.4091147482395,109.0,3779,0.01031533908098936
288720,400,0.1,-1036.559346433729,132.0,3781,0.010654350742697716
289440,401,0.1,-1031.2893030643463,124.0,3774,0.010821059346199036
290160,402,0.1,-1044.849322076887,118.0,3782,0.010895454324781895
290880,403,0.1,-1124.9295814614743,149.0,3780,0.016039082780480385
291600,404,0.1,-1106.3697666805238,117.0,3775,0.01108773984014988
292320,405,0.1,-1102.6698245964944,125.0,3772,0.022617490962147713
293040,406,0.1,-1000.9490952752531,99.0,3778,0.010016897693276405
293760,407,0.1,-1070.1991631891578,160.0,3772,0.015875443816184998
294480,408,0.1,-1087.5491159558296,206.0,3772,0.011006729677319527
295200,409,0.1,-928.5387801229954,133.0,3775,0.011670657433569431
295920,410,0.1,-1069.9287829324603,277.0,3776,0.015658574178814888
296640,411,0.1,-949.2189688626677,110.0,3788,0.012117483653128147
297360,412,0.1,-1013.1595348082483,66.0,3782,0.08684726059436798
298080,413,0.1,-1055.00938889198,108.0,3787,0.017864452674984932
298800,414,0.1,-1054.1993450466543,114.0,3774,0.22143243253231049
299520,415,0.1,-1121.3695024829358,174.0,3785,0.017318401485681534
300240,416,0.1,-1023.5396274570376,57.0,3775,0.015605051070451736
300960,417,0.1,-1101.169489229098,149.0,3780,0.017768122255802155
301680,418,0.1,-1041.6096068024635,115.0,3787,0.016027076169848442
302400,419,0.1,-1077.2895607613027,131.0,3782,0.023445602506399155
303120,420,0.1,-1127.3894632738084,137.0,3774,0.02326110750436783
303840,421,0.1,-1134.0094663463533,142.0,3779,0.02487911842763424
304560,422,0.1,-1086.7594037912786,130.0,3783,0.011162497103214264
305280,423,0.1,-967.2292357962579,93.0,3777,0.013726633973419666
306000,424,0.1,-957.609187245369,106.0,3780,0.09287736564874649
306720,425,0.1,-968.8791281860322,102.0,3776,0.011582110077142715
307440,426,0.1,-1016.8793556019664,138.0,3779,0.01374068297445774
308160,427,0.1,-978.1993623059243,89.0,3773,0.008267429657280445
308880,428,0.1,-1063.1593844890594,140.0,3771,0.019843870773911476
309600,429,0.1,-1076.4194115381688,128.0,3782,0.014139870181679726
310320,430,0.1,-1070.4793467484415,140.0,3770,0.012909750454127789
311040,431,0.1,-1001.4090781509876,121.0,3772,0.012080702930688858
311760,432,0.1,-979.9989997148514,86.0,3771,0.02637740969657898
312480,433,0.1,-948.6493056416512,50.0,3779,0.19198258221149445
313200,434,0.1,-1079.3695086110383,129.0,3776,0.022638430818915367
313920,435,0.1,-1099.5095386784524,145.0,3780,0.01939510740339756
314640,436,0.1,-1096.81954145059,128.0,3783,0.2911929488182068
315360,437,0.1,-1134.9396443199366,163.0,3775,0.02375241182744503
316080,438,0.1,-1061.5097170993686,95.0,3785,0.016334377229213715
316800,439,0.1,-1063.4295018911362,104.0,3780,0.014683074317872524
317520,440,0.1,-1019.8696776628494,56.0,3780,0.023310266435146332
318240,441,0.1,-1051.2193587645888,104.0,3784,0.01283312775194645
318960,442,0.1,-1065.839109890163,198.0,3774,0.01256982609629631
319680,443,0.1,-911.1789605859667,92.0,3772,0.006995899602770805
320400,444,0.1,-898.3791045788676,66.0,3784,0.015151127241551876
321120,445,0.1,-1017.5892962813377,119.0,3777,0.01383507251739502
321840,446,0.1,-1016.6894510947168,107.0,3773,0.009377377107739449
322560,447,0.1,-973.2993079107255,73.0,3771,0.01766330935060978
323280,448,0.1,-1106.8894901555032,166.0,3775,0.013425979763269424
324000,449,0.1,-1032.7794107720256,99.0,3777,0.012002564035356045
324720,450,0.1,-1001.7791194599122,131.0,3781,0.01040856447070837
325440,451,0.1,-915.4589136522263,82.0,3779,0.008682849816977978
326160,452,0.1,-947.4689617678523,112.0,3767,0.009784483350813389
326880,453,0.1,-1045.709566116333,75.0,3783,0.018132243305444717
327600,454,0.1,-1081.3996063377708,65.0,3785,0.023095179349184036
328320,455,0.1,-1168.909773586318,149.0,3786,0.03521515056490898
329040,456,0.1,-1086.6896840259433,48.0,3779,0.01893523707985878
329760,457,0.1,-1113.6896878127009,72.0,3778,0.022771697491407394
330480,458,0.1,-1110.0296252928674,114.0,3769,0.017870601266622543
331200,459,0.1,-961.4388811290264,135.0,3775,0.01827298104763031
331920,460,0.1,-903.9289747755975,84.0,3770,0.009656484238803387
332640,461,0.1,-977.8290452603251,127.0,3788,0.014134451746940613
333360,462,0.1,-1078.8892502747476,165.0,3779,0.011249084025621414
334080,463,0.1,-1044.5792456734926,136.0,3781,0.01541102584451437
334800,464,0.1,-1085.7092540226877,193.0,3768,0.008372809737920761
335520,465,0.1,-1015.4993033371866,141.0,3777,0.01147705689072609
336240,466,0.1,-1057.089407229796,172.0,3785,0.014314735308289528
336960,467,0.1,-1103.909684177488,117.0,3776,0.0344136580824852
337680,468,0.1,-1107.139665869996,98.0,3782,0.01156648714095354
338400,469,0.1,-1111.5896728001535,102.0,3780,0.023432040587067604
339120,470,0.1,-1142.549534201622,165.0,3783,0.030363498255610466
339840,471,0.1,-1072.5694167613983,97.0,3774,0.015749868005514145
340560,472,0.1,-1097.229589400813,109.0,3774,0.020670561119914055
341280,473,0.1,-1060.7896049581468,59.0,3780,0.01728264056146145
342000,474,0.1,-1092.6296686213464,78.0,3780,0.023053571581840515
342720,475,0.1,-1079.0596656799316,134.0,3780,0.016530465334653854
343440,476,0.1,-1034.4291280750185,153.0,3768,0.0119132986292243
344160,477,0.1,-1107.7392785791308,227.0,3769,0.019720526412129402
344880,478,0.1,-1045.7796063702554,55.0,3774,0.014150448143482208
345600,479,0.1,-1092.799722906202,104.0,3778,0.014405504800379276
346320,480,0.1,-1128.4495221972466,126.0,3776,0.025051485747098923
347040,481,0.1,-1054.5495358612388,119.0,3778,0.018721576780080795
347760,482,0.1,-1025.1994814481586,103.0,3771,0.013974024914205074
348480,483,0.1,-1060.8295894842595,102.0,3781,0.023304112255573273
349200,484,0.1,-1130.2797066550702,123.0,3786,0.01948896050453186
349920,485,0.1,-1094.5595891159028,88.0,3772,0.01416437141597271
350640,486,0.1,-1108.9097363650799,77.0,3780,0.020035477355122566
351360,487,0.1,-1109.9397831242532,78.0,3775,0.02422991394996643
352080,488,0.1,-1133.3298699520528,95.0,3779,0.026998087763786316
352800,489,0.1,-1071.979345081374,110.0,3771,0.014516660943627357
353520,490,0.1,-1035.8293240070343,131.0,3783,0.015891000628471375
354240,491,0.1,-1006.1391919534653,108.0,3773,0.015012535266578197
354960,492,0.1,-1084.8596109710634,111.0,3772,0.019490936771035194
355680,493,0.1,-1067.3896506391466,92.0,3773,0.011977102607488632
356400,494,0.1,-1056.8297840058804,71.0,3779,0.015201421454548836
357120,495,0.1,-1062.0196578409523,92.0,3782,0.02195489965379238
357840,496,0.1,-1047.8496191184968,91.0,3774,0.015533963218331337
358560,497,0.1,-1005.2395074628294,84.0,3778,0.018178492784500122
359280,498,0.1,-1011.9594905376434,99.0,3781,0.013103469274938107
360000,499,0.1,-1010.5294756293297,106.0,3773,0.01185742300003767
